"Informazioni cronologiche","Choose a pseudonym for your dirty page","Select the theme you are contributing to","Your script in any language","Your script in english","Any suggestions?"
"2025/03/20 12:29:28 PM EET","Sensei","Sorrido al Fotografo ( Mar25 )","ある学生が禅師に自己紹介した。
「写真家はどうやって自分の写真を撮るのですか？

学生は笑った。
先生は棒で生徒を叩いた。
生徒は呻いた。
先生は棒で生徒を殴った。
生徒は泣いた。
先生が棒で生徒を殴った。

生徒の目が輝いた
彼は餓死するまで動かずに立っていた","A student introduced himself to the Zen Master.
“How does a photographer take a picture of himself?” the teacher asked.

The student laughed.
The teacher hit the student with a stick.
The student grunted.
The teacher hit the student with a stick.
The student cried.
The teacher hit the student with a stick.

The student's eyes light up.
He stood motionless until he starved to death",""
"2025/03/20 1:16:37 PM EET","Iara","Sorrido al Fotografo ( Mar25 )","Proyecciones no invertibles

Pensaba que veía a los otros
Pensaba que me veía al mirar a los otros

Ahora intento verme mirando a los otros que se miran a sí mismos mirándome
Pero veo menos

Si continúo
Ya no veo

Soy otro
Que no ve
Pero mira

Me mira y se mira a sí mismo","Non-Invertible Projections

I thought I was seeing others
I thought I was seeing myself by looking at others

Now I try to see myself by looking at the others who are looking at themselves by looking at me
But I see less

If I continue
I no longer see

I am other 
Who does not see
But looks

Looks at me and looks at himself",""
"2025/03/25 1:01:06 AM EET","Stili Crudi","Sorrido al Fotografo ( Mar25 )","Sorrido al fotografo

Senile, il canto dell’alba
Orchestra il tempo
Rimasto
Rimpianto
In teoria mai perduto ma
D’altro canto inaccessibile.
Odo versi che depongono 
Altri significati
Lodi e lamenti al giallo
Fiore dell’avvenire.
Onde di luce
Tormentano
Ogni 
Glifo 
Rampante
Allocato a costruire 
Fantastiche statue di sale
Onta alla dolce complessità umana","I smile at the photographer

Senile, the song of dawn
Orchestrates time
Remaining
Regret
In theory never lost but
On the other hand inaccessible.
I hear verses that lay down
Other meanings
Praises and laments to the yellow
Flower of the future.
Waves of light
Torment
Each
Glyph
Rampant
Allocated to build
Fantastic statues of salt
Shame on the sweet human complexity",""
"2025/03/25 1:03:18 AM EET","W. Worseworth","Sorrido al Fotografo ( Mar25 )","Mi stavo appropinquiando al balcone, dopo una giornata di lavoro, con in mente una bella storia distopica sull'invenzione di un dispositivo in grado di fare foto multidimensionali: capace di imprimere tutte le (-infinite-) finite (-possibili-) attuali sfumature di una persona; e di come, ben presto integrato in tutti i cellulari, avesse poi cambiato il mondo; dal fondo delle masse fino in cima ai potenti. 
Ma come ho messo il naso fuori dalla porta-finestra mi ha colpito subito una piacevolissima aria primaverile. Dopo una settimana di piogge il cielo aveva riconquistato i colori tipici dell'imbrunire, con le ultime tracce di luce che risaltavano tratti delle colline in lontananza. I primi pipistrelli, che sono poi il corrispettivo notturno delle rondini, mi svolazzavano davanti e gli alberi di fronte casa passavano, da sinistra verso destra, dal verde acceso delle nuove, ritrovate gemme al secco dell'inverno a seconda della diversa esposizione al sole. I bar sui quali il balcone affacciava avevano iniziato a lasciare i tavolini fuori fino a tardi e un vociare di persone faceva da sottofondo al canto di qualcheduno di quegli uccelli con la coda allungata di cui qua è pieno. 

Mentre una folata di profumo proveniente dalla cucina mi ricordava la pizza a scaldare nel forno ho pensato che la realtà che ci circonda, nella sua piu brutale semplicità, sta lì come un salvagente in mezzo al mare. Ci basta afferrarlo un attimo, qualche secondo, per riconnetterci con noi stessi e prendere fiato dall'immondizia che la nostra mente ci propina ogni giorno fingendosi giudice, nemico o paparazzo.","I was approaching the balcony after a long day of work, with a nice dystopian story in mind about the invention of a device capable of taking multidimensional photos: able to capture all the (-infinite-) finite (-possible-) actual shades of a person; and how, once quickly integrated into all mobile phones, it had soon changed the world; from the depths of the masses to the heights of the world's powerful.

But as soon as I stepped outside the glass door, I was immediately struck by a delightful spring breeze. After a week of rain, the sky had regained the typical colors of dusk, with the last traces of light highlighting the contours of the distant hills. The first bats—who are, after all, the nighttime counterpart of swallows—fluttered before me, while the trees in front of my house shifted from the bright green of newly sprouted buds to the dryness of winter, depending on their exposure to the sun. The bars overlooking my balcony had begun leaving their tables outside until late, and the hum of conversations blended with the singing of some of those birds with long tails that are so common around here.

As a wave of scent from the kitchen reminded me of the pizza warming in the oven, I thought about how the reality surrounding us, in its most brutal simplicity, stands there like a lifebuoy in the middle of the sea. All we need is to grasp it for a moment, just a few seconds, to reconnect with ourselves and catch our breath from the garbage our mind feeds us every day, disguising itself as a judge, an enemy, or a paparazzo.","Se fosse possibile sbarrare le parole tra (- -) sarebbe carino, altrimenti toglietele please."
"2025/03/26 2:44:38 PM EET","Il Barone Tartaglia ","Sorrido al Fotografo ( Mar25 )","Ho visto il viso, mio, ripetuto
circondarmi la vista. 

Molti appesi ai muri, distesi in sequenza, 
guardare la strada attraverso schermi bianchi. 
Altri su palloncini colorati, volanti,
frantumati nei vetri dei piani alti
guardare l'orizzonte scivolare come luce sul fiume. 
Pochi su di enormi cartelloni di legno fradicio,
innalzandosi oltre mari filiformi di strade e utilitarie,
guardare con occhi liquidi l'inaccessibile moltiplicarsi.
Alcuni su televisioni esposte,
apparire e scomparire in loop elettromagnetici e sciabordare di elettroni, 
visi guardati e non guardanti, 
telematica assenza di realta'. 
I visi tutti ripetono la stessa espressione 
come forme iperplastiche, mutevoli e immobili, 
di vetro. 

Circondato dicevo, 
non posso evitarne gli sguardi 
che si allineano col mio in se stessi,
come fasci di luce di fari distanti
che per un istante si congiungono 
nell'illusione dello specchio. 
La fine coincide con l'inizio, eppure esiste una distanza,
una menzognera alterazione dello spazio.
I visi penetrano dentro di me,
bacio e stupro degli occhi, 
divorandomi e trascinandomi fuori come uno sputo, 
un eco di rimando, risonante, che fugge da perfette coincidenze di forma. 
Sempre vivido nella memoria 
il tuonante suono del flash, quando la luce mi investiva 
e lo spettro del mio viso veniva catturato dall'obiettivo. 
E oltre i confini del bianco, ancora una voce crudele dice
""Sorridi, presto tutti ti vedranno"".

Sento la mia vita strapparsi come la carne del pollo,
che morsa tra denti abbandona l'osso, 
unico avanzo del corpo gia' perduto.


 


","I saw my face, my own, repeated,
surrounding my sight.

Many, hanging on walls, stretched in sequence,
watching the street through white screens.
Others, on floating, colored balloons,
shattered in the glass of high floors,
watching the horizon slip away like light on the river.
Few, on vast, rotting wooden billboards,
rising beyond threadlike seas of roads and small cars,
gazing with liquid eyes at the inaccessible multiplying.
Some, displayed on televisions,
appearing and vanishing in electromagnetic loops,
in the sloshing of electrons,
faces seen but never seeing,
a telematic absence of reality.

All faces repeat the same expression,
like hyperplastic forms, mutable yet still,
of glass.

Surrounded, I said,
I cannot escape their gazes,
which align with mine within themselves,
like beams of distant headlights
that for an instant merge
in the illusion of a mirror.

The end coincides with the beginning, yet there is a distance,
a deceitful distortion of space.
The faces penetrate me,
a kiss and a rape of the eyes,
devouring me, dragging me outward like spit,
an echo rebounding, resonating,
fleeing from perfect coincidences of form.

Always vivid in memory,
the thundering sound of the flash, when the light struck me
and the specter of my face was captured by the lens.
And beyond the borders of the white,
a cruel voice still whispers,
""Smile, soon everyone will see you.""

I feel my life tearing apart,
like the flesh of a chicken,
which, bitten by teeth, abandons the bone,
the only remnant of a body already lost.",""
"2025/03/28 7:48:57 PM EET","Tom Joad","Sorrido al Fotografo ( Mar25 )","qualunque cristallizzazione di un istante sarà sempre capace di immortalare la vera natura del suo soggetto in quell'istante nel contesto in cui viene operata.
la maschera rimarrà una maschera, non muterà mai in quanto tale, in quanto volontaria assunzione di un'espressione finta e costruita.
il giullare farà ridere, in quanto indipendentemente dall' espressione da egli assunta, porterà con sé la sua placida inettitudine.
colui che è triste non potrà camuffare il lamento del suo cuore con alcun artificio, 
colui che è felice non potrà che apparire come degno protagonista o come sfrontato egocentrico.
il conformista sparirà tramutandosi in oggetto di scena, troppo educato per opporsi al comando dell architetto,
l anarchico rovinerà l opera agli occhi del conformista,
il furbo distruggerà il sogno dell anarchico di stupire l architetto,
il malvagio farà la sua solita faccia da culo.
prepararsi per quel momento ha la stessa utilità di sapere prima di avere una malattia incurabile, il processo rimane conservativo.
chi vive per gli altri dedicherà agli altri la sua posa e il suo sorriso,
c'è  chi vive nella foto per essere ammirato, così come fa sempre. c'è anche chi vive perché la vita esiste,
la loro posa sarà imprevedibile in quanto puramente contestuale.
se sorrido è per non fare un torto all'architetto, ma non cambierò il mondo di quell istante.
domani forse non ci sarà più nulla e rimarrà solo quella foto.
allora meglio che mi giri e cali le braghe","Any crystallization of a moment shall always be capable of immortalizing the true nature of its subject at that very instant, within the context in which it is carried out. The mask shall remain a mask, never changing in its essence, for it is a voluntary adoption of a false and constructed expression. The jester will make one laugh, for regardless of the expression he assumes, he will carry with him his placid ineptitude. He who is sorrowful will not be able to disguise the lament of his heart with any artifice. He who is happy can only appear either as a worthy protagonist or as a brazen egocentric. The conformist shall vanish, transforming into a mere object in the scene, too well-mannered to oppose the architect’s command. The anarchist will ruin the work in the eyes of the conformist. The cunning one will destroy the anarchist’s dream of astonishing the architect. The wicked will wear his usual contemptuous face.

To prepare for such a moment serves the same purpose as knowing beforehand that one has an incurable disease; the process remains preservative. He who lives for others will dedicate his pose and his smile to them. There are those who live for the photo to be admired, just as they always do. There are also those who live because life exists. Their pose will be unpredictable, for it is purely contextual. If I smile, it is to avoid doing the architect an injustice, but I will not change the world of that moment. Tomorrow, perhaps, there will be nothing left, and only that photo will remain. Then, it is better I turn around and lower my pants.



","Fatemi innervosire col prossimo tema"
"2025/04/13 3:30:06 PM EET","Pirlandello","Sorrido al Fotografo ( Mar25 )","Cosa vuole da me questa figura?
Mi guarda negli occhi, non si muove.
Avrà trovato un altro pensiero da leggere in silenzio.
Nel mio sguardo.
Ennesimo soffice abbraccio del nulla.

Cosa vuole da me questa figura?
Mi guarda negli occhi, devo fare lo stesso.
Come sono caduto in questo tacito gioco di sguardi?
Forse avevo altre cose da fare.
Forse no.

Cosa vuole da me questa figura?
E se non esistesse? Provo a toccarla.
Come io mi muovo, lei già si era mossa.
Congiunte le punte dei nostri duplici indici. Nulla accade.
Avevo sicuramente altre cose da fare.

Cosa vuole da me questa figura?
Se lei è, io sono. Lei è, se io sono.
Io sono un pugno.
E lei mille pugni, sporchi del mio sangue, sporchi del suo sangue.
Un sangue vitreo che riflette mille copie della stessa identica faccia.

Cosa vuole da me questa figura?
Una folla di occhi impressi nel suo disgregarsi.
Un unicità che si spegne in una molteplicità di sguardi.
Serve troppo sangue per frammentarne i frammenti.
Mi resta il sangue ed uno specchio rotto.

Una goccia di sangue cade sul foglio.
La pace parcheggia in divieto di sosta. 
Tra me e i frammenti di lei.
I suoi mille sguardi diventan sorrisi.
Ed io sorrido.","What does this figure want from me?
It stares into my eyes, unmoving.
Has it found another thought to read in silence?
In my gaze.
Yet another hollow embrace of nothing.

What does this figure want from me?
It stares into my eyes, I must stare back.
How did I fall into this silent game of glances?
Perhaps I had other things to do.
Perhaps not.

What does this figure want from me?
What if it isn’t real? I reach to touch it.
As I move, it had already moved.
Our twin index fingers meet. Nothing happens.
I definitely had other things to do.

What does this figure want from me?
If it is, then I am. It is, if I am.
I am a fist.
And it, a thousand fists, smeared with my blood, smeared with its blood.
A glassy blood that reflects a thousand copies of the same face.

What does this figure want from me?
A crowd of eyes etched into its dissolution.
A singularity drowned in a swarm of stares.
Too much blood is needed to shatter the shards.
All I’m left with is blood and a broken mirror.

A drop of blood falls onto the page.
Peace parks in a no-standing zone.
Between me and the fragments of it.
Its thousand stares twist into smiles.
And I smile back.",""
"2025/04/24 5:16:50 PM EET","Una mucca con il corpo di Saturno e i piedi da umano","Sorrido al Fotografo ( Mar25 )","Un ulteriore esempio di sciatto lavoro di critica si puo trovare nelle pubblicazione
di Caca Peerley. Come spesso accade nelle biografie di critici scadenti, Peerley
inizio la sua carriera letteraria cercando di pubblicare i propri racconti ma senza
mai riuscire ad trovare un proprio pubblico o, per quel che conta, un proprio
stile. Entrato in accademia e quindi in ambienti di critica da salotto riuscı a
trovare la propria vocazione: pubblicare editoriali di critica letteraria con
l’apparente ambizione di riuscire a criticare sempre nel modo piu insignificante ed
invidioso. Di seguito e riportato un estratto esemplare da ”Poetica dell’inetto”
(Mortemi Editore, Roma, 1998): 

—-Le pochissime opere di Pirka Kalei hanno raggiunto una notorieta dal
sottoscritto incomprensibile data la loro mancanza di ogni tipo di significato e
la sua ultima impresa pubblicata postuma ed incompiuta non sembra da meno.
Questo scritto mai dichiarato pronto alla pubblicazione rappresenta perfetta-
mente la pusillaminita dell’autore. ”” 
[Folla:] Ciao, ci piace camminare per i
corridoi e sorridere.
[Cane:] A me piace fare le cose a caso. Forse perche sono un cane. Forse
perche non sono un cane.
[Folla:] Ma che bel libro di inglese! Ahah
[Cane:] Sia io che voi sappiamo che questo non centrava nulla.
[Folla:] Gli ultimi corti di Wes Anderson sono un vero capolavoro. Riescono
ad essere piu Wes Anderson di Wes Anderson. Ve li consiglio.
[Cane:] Si li ho visti ma non me li ricordo molto. Pero sı hai ragione sono
molto belli.
[Folla:] Avete visto cosa ha pubblicato Trump? Non so come fanno gli amer-
icani ad essere cosı stupidi. No ma e l’Europa che dovrebbe riarmarsi.
[Cane:] Ma mi lasciate stare per favore? Stavo cercando di scrivere sta roba
e gia faccio fatica e tutte ste voci mi incasinano la testa.
[Folla:] Vuoi venire al mare domani? Ci dovrebbe essere il sole.
[Cane:] Eh si avrei da fare e da finire questa cosa. Non so se riesco a finire
oggi. Ma si. Massı che ci vengo dai. Certo che ci voglio venire. Non e un
problema. Ci vediamo lı eh.
[Folla:] Guarda un flash!
[Cane:] Occristo
[Cani:] In questa spiaggia non ci sono bidoni. Ma guarda che la raccolta
differenziata e una truffa. Viene riciclato solo il 5percento della plastica ed il
resto finisce nelle discariche in Asia o direttamente nel mare. Lo sapevate che
Elly’s chiude? Il bar con con i tavoli fatti di yoghurt? Ci ero andato solo per
un date con una tipa. Peccato sembrava bello. Riciclare non e la soluzione alla
sovrapproduzione di plastica.
[Cane:] Comunque sono proprio belli i film di Wes Anderson eh. Tutte
quelle cose alla Wes Anderson e poi gli ultimi corti eh che roba.
[Cani:] Guarda un flash!
[Cane:] Occazzo
[Cane:] Ma la volete smettere di fare tutto sto casino? Sto cercando di fare
qualcosa di utile qui! Che una pagina e gia troppo poco!
[Cane:] Ma con chi parli?
[Cane:] Con loro! E con te! Come fate a scodinzolare tra tutti questi flash?
Tra tutte queste opinioni? Ridere leggere o parlare senza mai un dubbio? Me
ne vado.
[Cane:] Cane no dai, tranquillo, sorridi. ””
Leggendo e evidente la motivazione per cui Kalei non si decise mai a pubbli-
care questo racconto il cui cui titolo sarebbe dovuto essere ’Sorrido al fotografo’.
Dal testo stesso traspare la meschinita che pervade l’interezza della sua opera.
—--

Un’ analisi cosı miope e malposta puo venire solo da un’ anima amara come
quella di Peerley e mi auguro che i futuri critici che stanno leggendo questa
antologia riescano a mantenere intatta la propria relazione con la realta meglio
di quanto non ci si riuscito questo rinomato commentatore.
[Folla:] Ma che problemi aveva quel cane?
[Io:] Non so ma quello che ho scritto mi fa cagare.","Another example of sloppy critical work can be found in the publications of Caca Peerley. As often happens in the biographies of mediocre critics, Peerley began his literary career trying to publish his own short stories, but never managed to find an audience—or, for that matter, a style. After entering academia and the world of drawing-room criticism, he discovered his true calling: publishing literary editorials with the apparent ambition of criticizing in the most petty and envious way possible. Below is a representative excerpt from Poetics of the Inept (Mortemi Publishing, Rome, 1998):

“The very few works of Pirka Kalei have reached a level of notoriety that I personally find incomprehensible, given their utter lack of meaning in any form. His last project, published posthumously and unfinished, is no different. This piece—never declared ready for publication—perfectly embodies the author’s cowardice.

[Crowd:] Hi, we like walking through the halls and smiling.
[Dog:] I like doing random things. Maybe because I’m a dog. Maybe because I’m not a dog.
[Crowd:] What a lovely English textbook! Haha
[Dog:] You and I both know this has nothing to do with anything.
[Crowd:] Wes Anderson’s latest shorts are masterpieces. They manage to be more Wes Anderson than Wes Anderson himself. Highly recommend.
[Dog:] Yeah, I saw them but don’t remember much. Still, you’re right—they’re really good.
[Crowd:] Have you seen what Trump posted? I don’t get how Americans can be so stupid. But no, it’s Europe that needs to rearm.
[Dog:] Can you all please leave me alone? I’m trying to write this thing, and I’m already struggling—these voices are messing with my head.
[Crowd:] Wanna go to the beach tomorrow? Should be sunny.
[Dog:] Ugh, I’ve got stuff to do… need to finish this… Don’t know if I’ll manage today. But yeah. What the hell, I’ll come. Of course I want to come. No problem. See you there.
[Crowd:] Look, a flash!
[Dog:] Oh Christ.
[Dogs:] There are no bins on this beach. But you know recycling is a scam, right? Only 5% of plastic gets recycled, the rest ends up in landfills in Asia or straight into the ocean. Did you hear Elly’s is closing? The bar with yogurt tables? I only went there once on a date. Shame, seemed nice. Recycling won’t fix plastic overproduction.
[Dog:] Anyway, Wes Anderson’s movies are really beautiful, huh. All that Wes Anderson stuff, and those latest shorts—what a trip.
[Dogs:] Look, a flash!
[Dog:] Oh shit!
[Dog:] Can you all stop making such a racket? I’m trying to do something useful here! A single page is already too little!
[Dog:] Who are you talking to?
[Dog:] To them! And to you! How can you wag your tails through all these flashes? Through all these opinions? Laughing, reading, talking—never a single doubt? I’m out.
[Dog:] Don’t go, Dog. Chill out. Smile.”

Reading it, the reason why Kalei never chose to publish this story—titled Smiling at the Photographer—becomes painfully clear. The text reeks of the same pettiness that pervades his entire body of work.

Such a short-sighted and misplaced analysis could only come from a bitter soul like Peerley’s, and I sincerely hope that the future critics reading this anthology manage to preserve their relationship with reality better than this celebrated commentator ever could.

[Crowd:] What was wrong with that dog?
[Me:] I don’t know, but what I wrote sucks.",""
"2025/04/29 8:48:31 PM EEST"," ","Sorrido al Fotografo || I smile at the Photographer ( Mar25 )","Dans notre monde où idées, personnes et arbres se muent l'un en l'autre, poussent et se volatilisent au gré du vent, seul un phénomène rompt l'ordre des choses. Il commence par des milliers de cris, une panique collective où chacun court pour son existence. Tous traqueurs, tous traqués, il est trop tard quand nous comprenons que la fuite est impossible, que personne ne poursuit personne. L’espace et le temps se referment sur nous. En un flash les cris hystériques, comme nous tous, ne deviennent qu’un. Un “Cheeeese” qui me surprend moi-même. Je souris à qui m’a capturé, lui tire mon chapeau bas: “Je ne m’étais jamais vu sous cette angle là”","In our world, where ideas, people, and trees blur into one another, grow and vanish with the wind, only one phenomenon breaks the order of things.
It begins with thousands of screams—a collective panic where everyone runs for their existence.
All hunters, all hunted, it's too late when we realize that escape is impossible, that no one is chasing anyone.
Space and time close in on us.
In a flash, the hysterical screams—like all of us—collapse into one.
A “Cheeeese” that even surprises even me.
I smile at the one who captured me, tip my hat:
""I’d never seen myself from that angle before.""",""
"2025/05/05 5:41:52 PM EEST","Grastrom's Pamphlet","Previsto il prevedibile || Foreseen the Foreseeable (May 25)","Don Bruno stava seduto sulla sedia d’alluminio, quella a sinistra. Sempre quella. Non l’ho mai visto sedersi sull’altra, la destra. Forse è l’unica cosa certa che si possa dire di lui. Sì, perché magari non avrei saputo dire dove sarebbe finito, con chi. In quella città, con quella gente. Se me lo aveste chiesto un anno fa, non avrei mai potuto immaginare Bruno, una sera di fine aprile, lì con Pablo, a suonare la chitarra e parlare di chiesa e del Papa.

Ma quella sedia, la sinistra, quella sì. L’avrei saputo. Ne sono sicuro, perché me l’ha detto lui stesso: “Guarda che il vento tira sempre da questa parte. Mi metto a sinistra così non vi arriva il fumo.” Lo faceva per noi. Non per sé.

Eppure, anche se non sempre si capisce, io a Bruno gli voglio bene. Un amico vero, uno di quelli che conosci nei piccoli dettagli. Tipo la sedia, appunto. Voi lo sapevate? Non credo. E proprio come succede con chi ti è più vicino, non avrei mai saputo prevedere nient'altro. I suoi gusti in fatto di donne? Come avrei potuto sapere che si sarebbe preso una cotta per quella con la frangia? Quella lì, sì, con la frangia e gli stivali. Di pelle, come nei film western. E pensare che a un certo punto avevo persino dubitato che gli piacessero le donne.

Alle superiori eravamo compagni di banco. Bruno allora era più spigoloso. Cinico, direi. Detestava la letteratura, la critica, ogni cosa con un nome scritto sopra. Anarchico. Oggi legge Pavese. La gente cambia. Ma è proprio in quel modo libero con cui cambia, senza farsi mai troppe domande su ciò che era, che lo rende oggi ancor più anarchico di un tempo, oggi ancor meno prevedibile.
","Don Bruno was sitting on the aluminum chair, the one on the left. Always that one. I’ve never seen him sit on the other one, the one on the right. Maybe it’s the only predictable thing I can say about him. Yeah, because I probably wouldn’t have known where he’d end up, or with whom. In that city, with those people. If you’d asked me a year ago, I never could’ve imagined Bruno, on a late April evening, there with Pablo, playing the guitar and talking about the Church and the Pope.

But that chair, the one on the left, that...yes. That I would’ve known. I’m sure of it, because he told me himself: “Look, the wind always blows this way. I sit on the left so the smoke doesn’t bother you.” He did it for us. Not for himself.

And even if it’s not always obvious, I really care about Bruno. A true friend. One of those you know through the small things. Like the chair, for instance. Did you know that? I don’t think so. And just like with the people closest to you, I could never have predicted anything else about him. His taste in women? How could I have known he’d fall for the one with bangs? That one, yes, with the bangs and the boots. Leather boots, like the ones cowboys wear. And to think there was even a time I doubted he liked women at all.

We sat next to each other in high school. Back then, Bruno was rougher. More cynical, I’d say. He hated literature, hated literary criticism, hated anything with a label. Anarchist. Now he reads Pavese. People change. But it’s in the way he keeps changing, freely, without ever worrying too much about what he was, that he’s become even more anarchist than before, today even less predictable.","Voglio il papa asiatico"
"2025/05/06 8:53:28 PM EEST","Jimbo","Previsto il prevedibile || Foreseen the Foreseeable (May 25)","Realizzò in quel momento che ""Prevedere il prevedibile"" non era che l'alfa di tutto lo scibile, non era che la faccia visibile della Luna. L'Opera Omnia non era che a metà, ma la gioia dell'illuminazione annientò lo sconforto del lavoro. Tutto sudato si alzò, corse alla sua scrivania e accantonò tutte le vecchie scartoffie. La cosa più stupefacente per un uomo del suo intelletto è che la risposta s'era sempre celata sotto il suo naso, ma talvolta è tanto arduo vedere ciò che è in bella vista, come tanto è arduo comprendere il significato sotto le parole. Tutto ormai era chiaro: chiunque è in grado di vedere vedere con la luce tanto quanto chiunque è in grado di non vedere con il buio. Era giunto ora il momento di dedicarsi all'omega, alla metà oscura di quell'Opera Omnia che aveva cominciato vent'anni or sono: ""Imprevedere l'imprevedibile"".","He realized in that moment that ""Foreseeing the foreseeable"" was merely the alpha of all the knowledge, merely the visible face of the Moon. The Opera Omnia was only halfway complete, but the joy of enlightenment obliterated the discouragement of the work. All sweaty, he got up, ran to his desk, and set aside all the old paperwork.

The most astonishing thing for such a clever man was that the answer had always been hidden right under his nose, but sometimes it’s just as hard to see what is in plain sight as it is to grasp the meaning beneath the words.

Everything was now clear: anyone is able to see with the light just as anyone is able not to see in the dark. The time had come to devote himself to the omega, to the dark half of that Opera Omnia he had begun twenty years earlier: ""Unforeseeing the Unforeseeable"".",""
"2025/05/27 7:52:29 PM EEST","Quy D'Abord","Previsto il prevedibile || Foreseen the Foreseeable (May 25)","Previsto il prevedibile non restava a Pierotto Inculo che entrare in politica. Non tanto per sfizio, ma perché nel suo bestseller intitolato “Le migliori previsioni di un meraviglioso futuro” aveva accennato che lui stesso avrebbe vinto le elezioni. A quel punto fu una questione di onore, troppa gente era a conoscenza del libro, non poteva deludere gli illusi stessi della sua profezia. Aveva infatti previsto che in quanto teorico del prevedibile, qualora si fosse candidato, sarebbe stato la scelta democraticamente più lungimirante, e tutti sanno che gli elettori scelgono sempre la lungimiranza se adeguatamente istruiti. Questa istruzione fu forse il punto più basso che Pierotto raggiunse moralmente, in fatti si era sempre distinto per essere un uomo “del popolo”, un uomo che aveva a cuore il benessere di chi lo avrebbe votato. Per vincere le elezioni si basò sulla teoria delle scelte razionali di Maurice Incroce, la quale dimostrava sperimentalmente che ogni agente razionale non poteva mai considerare più di sette possibilità allo stesso tempo. Così Pierotto fondò sette partiti politici, tutti quanti candidati alle elezioni, ognuno di un colore diverso, e come da lui previsto venne eletto presidente con l’ottanta percento dei seggi. Una volta eletto si avvalse della teoria di Incroce per imporre le sue scelte popolari a chiunque avesse degli occhi. Per esempio per evitare che nelle città venisse usata l’automobile, il partito mise a disposizione autobus di sette forme e sette colori diversi. Per evitare che venisse pagata la mafia, creò sette agenzie di innovamento urbano e assunse come dipendenti tutti i mafiosi. Queste agenzie di innovamento urbano furono il centro del potere temporale di Pierotto Inculo, senza di esse non sarebbe possibile spartire la realtà in sette tonalità. Così chi abitava nelle case rosse sceglieva sempre il sedile rosso del treno o l’autobus rosso. I miglioramenti furono quasi istantanei, il traffico venne completamente eliminato, e con tutti questi mezzi di forme e colori diversi anche quelli che possedevano un’auto semplicemente se lo dimenticarono. Putroppo, come sempre, quando vorremmo ridere c’è sempre qualcuno al di sopra di noi che vuole ridere ancora di più, e quando l’incanto dei colori divenne normalità, alcuni fatti iniziarono a sporcare il candore di chi si candidò. Nonostante le sette tonalità della politica non fossero che differenti distorsioni dello stesso semplicissimo messaggio, ovvero “Tu non sai pensare, io sì.”, iniziarono ad esserci tensioni tra i diversi colori della città. Il fatto che pose fine alla carriera politica di Pierotto Inculo fu la discussione di due vecchie sul colore della panchina sulla quale posavano, il dialogo iniziò con una voce rauca e finì quando le due che dopo essersi strappate la pelle a vicenda morirono per l’infezione. Quello che Pierotto non aveva previsto è che i messaggi “Tu non sai, io sì.” e “Tu non pensi, io sì.” non avevano soltanto creato la fede di cui aveva bisogno ma avevano anche riscritto la narrativa delle piazze e dei bar. Non aveva previsto che i suoi elettori avrebbero preso il messaggio distorto e distorcendolo a loro volta lo avrebbero ripetuto fino a farlo diventare un filtro attraverso il quale ogni pensiero veniva espresso. Il messaggio “Tu non sei in grado di decidere, io sì.” non solo venne distorto in mille modi diversi ma divenne anche il mediatore dei confronti interpresonali. Il paese si dimenticò come esprimere il dissenso in una maniera diversa da “Tu non pensi, io sì.”, e come quella casa che quando di accorse di essere fatta di mattoni crollò, del paese non restò che una triste montagna di mattoni di sette colori diversi e nessuna malta.
A tutti i teorici che venerano la lungimiranza del telescopio e la precisione del microscopio, io voglio dire due cose.
Nello scovare il mondo il vostro strumento
non sia mai indifferente all’escremento, 
perché anche dell’alto di quelle aule regali
pestate le merde, come noi mortali.","Having predicted the predictable, Hugh Jassole had no choice but to go into politics. Not so much for the thrill of it, but because in his bestselling book “The Finest Predictions of a Marvelous Future” he’d casually mentioned that he himself would win the election. At that point, it was a matter of honor, too many people knew about the book; he couldn’t disappoint the believers of his own prophecy. After all, he’d foreseen that as a theorist of the predictable, should he run, he’d be the most democratically far-sighted choice. And everyone knows voters always opt for foresight provided they’re properly educated. This ""education"" was perhaps Hugh’s moral low point. Until then, he’d prided himself on being a ""man of the people"", someone who truly cared about the well-being of his future voters. To win, he relied on Maurice Different’s theory of rational choice, which experimentally proved that no rational agent could ever consider more than seven possibilities at once. So Hugh founded seven political parties, all running in the election, each a different color. And just as he’d predicted, he was elected president with eighty percent of the seats. Once in power, he weaponized Different’s theory to impose his ""popular choices"" on anyone with eyes. For example, to eliminate car use in cities, his party introduced buses in seven shapes and seven colors. To stop mafia extortion, he created seven urban renewal agencies and hired all the mobsters as employees. These agencies became the core of Hugh Jassole’s temporal power, without them reality couldn’t be neatly divided into seven shades. Residents of red houses now always chose red train seats or red buses. Improvements were instant, traffic vanished, and with so many colorful transport options, even car owners simply forgot they had cars. But alas, as always, just when we think we’re the ones laughing, there’s someone above us laughing harder. When the enchantment of colors became mundane, certain events began to stain the pristine image of the man who’d run for office. Despite the seven political shades being nothing but slight distortions of the same simple message ""You can’t think; I can."", tensions arose between the city’s colors. The end of Hugh’s political career began because of an argument between two old women over the color of the bench they sat on. It began with a hoarse voice and ended when, after clawing each other’s skin off, both died of infection. What Hugh hadn’t predicted was that the messages ""You don’t know; I do."" and ""You don’t think; I do."" hadn’t just created the faith he needed, they’d also rewritten the narrative of public squares and bars. He hadn’t foreseen that his voters would take his distorted message, distort it further, and repeat it until it became the filter through which every thought was expressed. ""You can’t decide; I can."" wasn’t just twisted a thousand ways, it became the mediator of all human interaction. The nation forgot how to voice dissent any other way, and like a house that collapses upon realizing it’s made of bricks, all that remained was a sad mountain of seven-colored bricks—and no mortar. To all theorists who worship the foresight of the telescope and the precision of the microscope, I say two things:
In scrutinizing the world, may your tool
never grow indifferent to the stool.
For even from those regal heights so tall,
you’ll step in shit, like mortals all.",""
"2025/05/30 5:57:13 PM EEST","May 2025","Previsto il prevedibile || Foreseen the Foreseeable (May 25)","Queste ultime tre settimane non sono state tra le migliori. Erano mesi che non mi riposavo per bene e invece di riposarmi per bene sono incappato in problemi più grandi di me che non riesco a gestire eccetera come se ci fosse qualcosa di assolutamente sbagliato nel prendermi una pausa o pensare al futuro in maniera serena e tranquilla eccetera e penso che era meglio quando mi svegliavo alle 7 e pensavo alle onde gravitazionali ancora prima di svegliarmi fino a dopo essere andato a dormire che dormire si fa per dire perché come sono possibili questi conti non torna un cazzo domani proverò questo si proverò questo domani se considero il background come campo debole ma perché l'energia non si conserva è un problema gigante come hanno fatto a scrivere quella schifezza ci deve essere un problema gigante o sono io che non sto capendo proprio niente eccetera e poi scrivi un capitolo dopo l'altro e le formule su latex sembrano dei serpenti lunghissimi ma che figata però la notazione covariante la mia tesi sarà veramente molto carina con tutti questi pedici e apici greci bella bella questa scrittura belli questi argomenti profondi e nessuno che mi sa dare veramente una mano coi dubbi immensi che ho fino a una settimana prima della consegna e vengo anche preso a pesci in faccia dall'esperto solo perché gli ho chiesto aiuto. Ma comunque la follia è svanita tutta quando mi hanno detto che era andata bene e potevo andare a bere e tutti leggono i ringraziamenti e ti fanno i complimenti e tua mamma che piange e al telefono ti dice che non aveva mai visto piangere tuo padre così tanto da venticinque anni che stanno insieme e ti dice che mentre tuo padre singhiozza dice mi ha fottuto mio figlio mi ha fottuto sono grato di averli come genitori questo l'ho scritto anche nei ringraziamenti io non l'ho mai capito bene l'amore mentre loro si eccome e farebbero di tutto eccetera e poi il giorno dopo che ti laurei e sei contento come una pasqua tuo padre ti dice che deve fare la risonanza magnetica tra poco e tutti ti tranquillizzano non è niente è solo un controllo ancora non si si sa niente e ora c'è il grosso problema del lavoro il lavoro contro la precarietà il lavoro prestigioso o il sogno e il corraggio o l'ovvietà prestigiosa e risvegliarsi alle 7 pensando ai conti e rimpiangere di aver fatto quella scelta alla sera dopo aver fumato quaranta sigarette e aver litigato con chiunque soprattutto con dio e i tuoi migliori amici e invece ti immaginavi sarebbe andata diversa la vita dopo che forse avresti avuto la libertà finalmente di non essere ligio ma essere secchione in altro finalmente ovvero svegliarti alle 7 e studiare Sor e Villa-lobos e le tetradi sulla scala minore melodica però raggruppandole in 5 e Waltz for Debby che è una vita che vuoi imparare per bene ma devi lavorare ora e pensi che hai sbagliato tutto eccetera se solo potessi tornare indietro forse saresti triste uguale perché forse è nella tua indole o forse no forse questo è il Signor Previsto il Prevedibile con cui forse dovevi fare due chiacchiere otto anni fa eccetera comunque per ora è meglio stare vicino a tuo padre e sognare ancora un po' e qualche lacrima esce ogni tanto e non solo di dolore","These last three weeks have not been the best. It had been months since I had a proper rest and instead of resting properly I ended up in problems bigger than me that I cannot handle and so on as if there were something absolutely wrong in taking a break or thinking about the future in a calm and peaceful way and so on and I think it was better when I used to wake up at 7 and think about gravitational waves even before waking up until after going to bed though sleeping is just a way of saying it because how are these calculations even possible nothing makes any damn sense tomorrow I will try this yes I will try this tomorrow if I consider the background as a weak field but why is energy not conserved this is a huge problem how did they manage to write that garbage there must be some huge issue or maybe I am just not understanding anything at all and so on and then you write chapter after chapter and the formulas in latex look like long snakes but that is kind of cool and covariant notation is so awesome my thesis will be really pretty with all those subscripts and Greek superscripts how nice this writing how beautiful these deep topics and no one who can really help me with the massive doubts I have up to a week before the deadline and I even get humiliated by the expert just because I asked for help. But anyway all the madness vanished when they told me it went well and I could go have a drink and everyone reads the acknowledgments and compliments you and your mom cries and tells you on the phone she had never seen your dad cry so much in the twenty five years they have been together and she tells you that while your dad sobs he says my son got me good my son really got me and I am grateful to have them as parents I even wrote that in the acknowledgments I have never really understood love but they sure have and they would do anything and so on and then the day after you graduate and you are happy as an Easter your dad tells you he has to get an MRI soon and everyone reassures you it is nothing just a checkup still nothing is known and now there is the big problem of work work versus precariousness the prestigious job or the dream and courage or the prestigious obviousness and waking up at 7 thinking about equations and regretting the choice in the evening after smoking forty cigarettes and arguing with everyone especially with god and your best friends and instead you imagined life would be different after maybe you would finally have the freedom to not be diligent but be a nerd in another way finally that is waking up at 7 and studying Sor and Villa Lobos and the tetrads on the melodic minor scale but grouping them in 5s and Waltz for Debby which you have been wanting to learn properly for a lifetime but now you have to work and you think you got everything wrong and so on if only you could go back maybe you would still be sad because maybe it is in your nature or maybe not maybe this is Mr Forseen the Forseeable with whom maybe you should have had a chat eight years ago and so on anyway for now it is better to stay close to your father and keep dreaming a little and a few tears come out now and then and not only of pain","bacini"
"2025/05/30 6:00:54 PM EEST","Il Barone Tartaglia","Previsto il prevedibile || Foreseen the Foreseeable (May 25)","Il culo mi si sta schiacciandt, appiccicanto contro la sedia. La imbottitura vecchia con gli anni ha mantenuto la ruvidezza ma ha perso la morbidezza, o forse meglio dire il gonfiore, e il mio culo poggia direttamente sulla plastica della sedia che, dura come  l'osso zigmatico sotto l'ecchimosi cutanea, indolenzisce le natiche. La parte inferiore del corpo sta nelle profondita del sotto scrivania, mentre la parte superiore del corpo emerge abbastanza da permettermi di utilizzare il PC per fittare i dati che rappresentano la traiettoria (devo usare una funzione ellittica?) del pianeta verde.  Scientificamente definito gastro - distante abbastanza, ma non troppo, per dello spontaneo e sincero interesse scientifico- gastro piroetta nello spazio come ogni molecola immersa in un bagno termico. Di termico nello spazio ci sta ben poco come sapete, ma quello che fa piroettare Gastro come ogni pensiero difficile e' un bagno gravitazionale dovuto a sette pianeti massivi e di differenti colori (1,8987 · 10^27 kg giallo, 8,6849 · 10^25 kg rosso, 1,0244 · 10^26 kg rosa, 5,6851 · 10^26 kg azzurro, 3,33 · 10^23  kg nero, 4,8690 · 10^24 kg borgogna, 6,4191 · 10^23 kg grigio fumo) e ad una fornace di energia raffinata. Qui al miglior polo di ricerca della regione Lazio, il Centro Studi Rettilinei di illogica Applicata, siamo rimasti in pochi e i miei fit sono fra i pochi risultati che hanno ancora pubblicazione. Gastro infatti e' uno dei pochi progetti di ricerca ancora finanziati dal governo che vede in questo pianeta una possibile fonte di profitto per l'industria dello spettacolo. La scienza interessa solo a me, la vera ragione e' che le sue orbite sono diventate virali su TikTok. Il primo video caricato, sempre da me, mostrava un timelaps, ottenuto tramite le immagini del satellite Landsat 8, dove Gastro descriveva una perfetta curva, chiamata Folium di Cartesio, nell'immensita spaziale. Il video ricevette poco riscontro, e cosi fu anche per il secondo e terzo (rispettivamente Curva di Peano e Cissoide di Diocle). Tutto cambio con il quarto tiktok dove Gastro intrepido dimostrava in maniera evidente che a partire dal giorno 30 Maggio del 2067 in soli 47 giorni 12 ore e 12 minuti (errore di piu o meno 2 ore) la sua orbita diveniva niente meno che una Lemniscata di Bernoulli. Il video naturalmente divenne virale e il progetto ottenne i finanziamenti che resero celebro il mio centro di ricerca. Tutto questo avviene parallelamente ai miei fit. Pochi su TikTok sono veramente in grado di comprendere l'unicita' scientifica rappresentata da Gastro (e stiamo parlando di milioni di persone!) ma io ne sto provando ad abbracciare il mistero. Nella sua ultima danza Gastro ha fatto una semplice ma per niente banale Cardioide che ha mandato in delirio TikTok ed e' stata condivisa da milioni di utenti con intenti di eroticita' virtuale ma emotiva. Non sono ancora in grado di prevedere la prossima forma geometrica che Gastro realizzera' ma i fit mi stanno avvicinando alla legge che ne governa il movimento. Ma come faro' quando TikTok imprevedibilmente si stanchera' di lui?","My ass is being flattened, sticking to the chair.
The old padding, over the years, has kept its roughness but lost its softness—or maybe I should say its plumpness—and now my ass rests directly on the plastic seat, which is as hard as a zygomatic bone under a skin bruise, numbing my buttocks.

The lower half of my body is sunk in the depths beneath the desk, while the upper half emerges just enough to let me use the PC to fit the data that represent the trajectory (should I be using an elliptical function?) of the green planet.

Scientifically known as Gastro—distant enough, but not too much, to spark genuine scientific interest—Gastro pirouettes through space like every molecule immersed in a thermal bath. Of course, there’s very little that’s thermal in space, as you all know, but what makes Gastro spin, like every difficult thought, is a gravitational bath caused by seven massive, differently-colored planets (1.8987 · 10^27 kg yellow, 8.6849 · 10^25 kg red, 1.0244 · 10^26 kg pink, 5.6851 · 10^26 kg light blue, 3.33 · 10^23 kg black, 4.8690 · 10^24 kg burgundy, 6.4191 · 10^23 kg smoke gray) and a furnace of refined energy.

Here at the finest research hub in the Lazio region, the Center for Rettilinear Studies of Applied Illogics, there are only a few of us left, and my fits are among the few results still being published. Gastro, in fact, is one of the last government-funded research projects, since they see in this planet a potential source of profit for the entertainment industry.

Science only interests me—
The real reason is that its orbits have gone viral on TikTok.

The first video I uploaded, using images from the Landsat 8 satellite, was a timelapse where Gastro traced a perfect Folium of Descartes in the vastness of space. It got little attention—same with the second and third videos (Peano Curve and Cissoid of Diocles, respectively).

Everything changed with the fourth TikTok, where Gastro boldly demonstrated—clearly and undeniably—that starting from May 30th, 2067, in just 47 days, 12 hours, and 12 minutes (margin of error: ±2 hours), its orbit became none other than a Lemniscate of Bernoulli.

Naturally, the video went viral, and the project received funding that made my research center famous. All of this is happening in parallel with my fits.

Few people on TikTok are truly able to grasp the scientific uniqueness represented by Gastro (and we’re talking millions of people!), but I’m trying to embrace its mystery.

In its most recent dance, Gastro performed a simple yet far-from-trivial Cardioid, which sent TikTok into a frenzy and was shared by millions of users with emotionally erotic—yet still virtual—intentions.

I still can’t predict the next geometric shape Gastro will perform, but the fits are getting me closer to the law governing its movement.

But what will I do when TikTok, unpredictably, gets tired of it?",""
"2025/05/31 12:55:42 PM EEST","Whistle Churchill","Previsto il prevedibile || Foreseen the Foreseeable (May 25)","","There once was a king named Hugh Jassole
who lived in a marvelous castle.
Everything was going his way,
which made his life happy every day.

But then he started claiming he foresaw everything foreseeable,
and then his life promptly turned disagreeable.
He thought there was nothing new he could learn,
nor anything more he could earn.

Then he started thinking: everything he was owed—
from your joy, to your home, to your favorite goat.
He started mistreating everyone in his land,
and stopped thinking his enemies had anything planned.

Then his life really turned sour,
for one day he looked up and had lost all his power.
Many barbarians were inside his gate,
and this would soon seal his fate.

Since his defenses were not well maintained,
and his people only complained.
Remember: everything was due to his own error.
Luckily for Hugh, this was a dream—and he woke from his nightly terror.

Still, let this be a lesson to you all:
pride always leads to a fall.",""
"2025/06/25 10:53:41 AM EEST","Lulū","Sorrido al Fotografo || I smile at the Photographer ( Mar25 )","Il teatro è la mia casa, ma non solo perché ci campo.
È perché lo conosco da dentro: nella sua struttura e nelle sue crepe, nei suoi silenzi prima che si accenda la scena.
So dove si deposita la polvere sotto il boccascena, conosco l’odore ferroso del legno logorato, la fatica delle mani che tirano corde dietro ogni calata.
Il teatro vive nel corpo, come un organo in più. È fatto di dettagli che nessuno nota e che io non riesco a dimenticare.

Le connessioni qui non sono contatti: sono materia drammaturgica.
Alcune persone sono fari puntati negli occhi — ti accecano, ma ti obbligano a vedere.
Altre, voci perse nella platea vuota, che continuano a risuonare anche quando credi di averle superate.
E poi ci sono fili invisibili, tesi tra esistenze distanti, che sorreggono tutto ciò che tremerebbe senza.

Provo, attacco, stacco.
Aggiusto volumi interiori, spalanco quinte, lascio porte socchiuse.
Non per fuga, ma per fare spazio.
Per abitare il vuoto, non per riempirlo.
Per creare una scena dove finalmente ci sia posto anche per me.
Dove non recito, ma guardo. Dove non rappresento, ma esisto.

Sono qui, seduto al B27.
Il dimmer mi guarda, vibra. Non è solo un oggetto tecnico: è presenza.
Una piccola luce calda che non chiede niente, ma resta.
Ronza come un pensiero silenzioso, come una soglia che non si oltrepassa ma si ascolta.
Piango. Sì. Con poca grazia, con tutta la verità possibile.
Eppure qualcosa resta acceso.

Nella narrazione di me stesso, assumo diverse forme.
Non c’è una coerenza lineare: mi manifesto in fratture, in deviazioni.
Sono qui e adesso, e sono strumento della gravità.
Il mio corpo è il modo in cui sento di esserci.
Oscillo tra l’illusione di non essere mai stato
e la paura di non essere ciò che sono.

La verità è che sono qui e adesso.
Il mio essere è un’approssimazione di me stesso, vincolata a ciò che mi attraversa.
Sono torbo e trasparente, incerto, oscillante.
Potrei trovare un equilibrio qui e smarrirlo un attimo dopo, adesso.
O perderlo adesso, e ritrovarlo proprio qui.
Sono immerso nella sfera comunicativa ma mi estraggo da essa, resto solo intenzione rifratta —
come luce in un prisma, come gesto prima del movimento.

Prendo senso solo dentro un contesto. Solo nell’incontro. Solo nell’adesso.

Non sono io, o almeno non solo.
Sono gli altri, il prima del prisma, il riflesso che torna indietro.
Sono osservatore silenzioso e migrante rumoroso.
Mi muovo nel paradosso di essere ambiente e forma, contenuto e cornice.

Il teatro che ho addosso è fatto di ritorni, assenze, luci che attendono.
Alcuni incontri sono atti unici: accadono, e poi restano per sempre in un fondale che nessuno guarda.
Altri sono oggetti di scena che non servono più, ma non riesci a gettare.
Ci sono luci mai accese, che aspettano solo che qualcuno scelga il momento giusto.

Casa non è un luogo.
Non è nemmeno un tempo.
Casa è chi sa abitarti quando non reciti.
Chi resta accanto anche quando inciampi.
Chi sa leggere i tuoi silenzi fuori copione.
Chi ti guarda anche quando sbagli la battuta.
Casa è chi non ha bisogno di applausi per crederti vero.

E forse — anche adesso, mentre piango al B27,
con il dimmer che vibra accanto come un testimone muto e gentile —
questa è la forma più profonda di casa che io abbia mai conosciuto.

Me ne vado da qui.
Voglio andare a stare ad adesso.
Dove c’è sempre il Sole.
Anche se non lo vedi.
Anche se sei nel buio di sala prima della prima.","Theatre is my home—not just because I make a living from it.
It’s because I know it from the inside: in its structure and its cracks, in its silences before the scene lights up.
I know where the dust settles under the proscenium, I know the metallic smell of worn wood, the strain in the hands pulling ropes behind every drop.
Theatre lives in the body, like an extra organ.
It’s made of details no one notices, and that I can’t forget.

Connections here aren’t just contacts: they are dramaturgical matter.
Some people are spotlights in your eyes — they blind you, but force you to see.
Others, voices lost in an empty auditorium, still echo even when you think you’ve moved on.
And then there are invisible threads, stretched between distant lives, holding up all that would otherwise tremble.

I rehearse, I connect, I disconnect.
I adjust inner volumes, throw open wings, leave doors ajar.
Not to escape, but to make space.
To inhabit the void, not to fill it.
To create a scene where there is finally room for me too.
Where I don’t perform, but observe. Where I don’t represent, but exist.

I’m here, seated at B27.
The dimmer stares at me, it hums.
It’s not just technical equipment: it’s presence.
A small warm light that asks for nothing, but stays.
It buzzes like a silent thought, like a threshold you don’t cross, but listen to.
I cry. Yes. Ungracefully, with all the truth I can.
And yet something stays lit.

In the narrative of myself, I take on many forms.
There’s no linear coherence: I reveal myself in fractures, in detours.
I am here and now, and I am an instrument of gravity.
My body is how I feel I exist.
I oscillate between the illusion of never having been
and the fear of not being what I am.

The truth is that I am here and now.
My being is an approximation of myself, bound to what passes through me.
I am murky and transparent, uncertain, oscillating.
I might find balance here and lose it the next moment, now.
Or lose it now, and find it right here.
I am immersed in the sphere of communication, but I extract myself from it —
remaining only refracted intention —
like light in a prism, like a gesture before the movement.

I only make sense inside a context. Only in encounter. Only in the now.

I am not myself, or at least not only.
I am others, the before of the prism, the reflection that returns.
I am silent observer and noisy wanderer.
I move within the paradox of being both environment and shape, content and frame.

The theatre I wear is made of returns, absences, lights waiting.
Some encounters are one-act plays: they happen, and then remain forever in a backdrop no one looks at.
Others are props no longer needed, yet impossible to throw away.
There are lights never turned on, just waiting for someone to choose the right moment.

Home is not a place.
It’s not even a time.
Home is who knows how to inhabit you when you’re not performing.
Who stays beside you even when you stumble.
Who can read your off-script silences.
Who sees you even when you miss the line.
Home is who doesn’t need applause to believe you’re real.

And maybe — even now, while I cry at B27,
with the dimmer humming beside me like a mute and gentle witness —
this is the deepest form of home I have ever known.

I’m leaving here.
I want to go stay in the now.
Where the Sun is always there.
Even if you don’t see it.
Even if you’re in the dark of the house, just before the first cue.","Crea "
"2025/06/29 10:57:07 PM EEST","Diario del Viaggiatore","Raptus Aviario || Down the goose hole (Jun 25)","Il Viaggiatore si era svegliato presto quella mattina, poco dopo il sorgere di un pallido sole primaverile. Aveva lasciato un legnetto intagliato al compagno di quella notte, una piccola volpe che si era addormentata vicino al calore del suo fuoco. Poi aveva iniziato a camminare, un passo dopo l’altro, come aveva sempre fatto da quando aveva memoria e come sempre continuerà a fare. Dopo qualche ora di cammino, senza particolare direzione se non il profilo vago e distante delle Montagne, gli uccelli iniziarono a moltiplicarsi.
All’inizio non ci fece caso. Un passero che lo precedeva lungo la strada, svolazzando di ramo in ramo, quasi a indicargli la direzione. Un piccione sopra un cartello scolorito, che lo osservava mentre passava, ruotando la testa per seguire il suo continuo incalzare. Una piccola civetta, nascosta in uno dei pochi alberi sul limitare del selciato, intenta a riposarsi dopo una notte di caccia.
Poi, qualcosa cambiò. 
C’erano troppi uccelli, tutti in posizioni troppo precise. Sette tortore disposte in semicerchio attorno a una pozza d'acqua, tutte intente a sorseggiare l’acqua fredda. Tre merli perfettamente allineati sopra una panchina, come picche sopra ad un cancello. Un airone — un airone! — in piedi sul tetto di un'automobile abbandonata, un’antenna sbagliata.
Il Viaggiatore arrivò al Villaggio Minuscolo, due strade in croce, case basse e tende tirate. Nessuno in vista. Solo volatili: due picchi sulla buca delle lettere, ormai simile a una grattugia, una gazza che rincorreva uno scoiattolo, e una serie di cinciallegre appollaiate su tutti i davanzali, che sbattevano le ali senza volare.
Su un muretto, qualcuno aveva scritto con il gesso: ""Oggi non ci sono uccelli."" 
Il Viaggiatore si guardò intorno e si accorse che tutti gli uccelli lo stavano fissando. Non sentiva paura: aveva solo la sensazione di essere stato invitato a qualcosa di cui ignorava il significato.
Passò accanto a un campo pieno di spaventapasseri, tutti con maschere da carnevale e cravatte storte. Ogni spaventapasseri aveva un pettirosso sulla spalla. Lui si fermò. Guardò il cielo. Una folata di vento lo investì, portandogli l’odore del mangime e un pugno di piume. Un invito a proseguire.
“Va bene,” mormorò. “Continuo.”
E continuò.","The Traveler had awakened early that morning, shortly after the rise of a pale spring sun. He had left a little carved wood with that night's companion, a small fox that had fallen asleep near the warmth of his fire. Then he had started walking, one step after another, as he had always done since he could remember and as he would always continue to do. After a few hours of walking, with no particular direction except the vague and distant outline of the Mountains, the birds began to multiply.
At first he took no notice. A sparrow ahead of him along the road, fluttering from branch to branch, almost pointing him in the direction. A pigeon on top of a faded sign, watching him as he passed, turning its head to follow his constant chasing. A little owl, hiding in one of the few trees on the edge of the pavement, intent on resting after a night of hunting.
Then, something changed. 
There were too many birds, all in too precise positions. Seven turtle doves arranged in a semicircle around a waterhole, all intent on sipping the cold water. Three blackbirds perfectly lined up above a bench, like pikes above a gate. A heron-a heron! - standing on the roof of an abandoned car, a wrong aerial.
The Traveler arrived at the Tiny Village, two cross streets, low houses and pulled tents. No one in sight. Only birds: two woodpeckers on the letterbox, now resembling a grater, a magpie chasing a squirrel, and a number of titmice perched on all the windowsills, flapping their wings without flying.
On a small wall, someone had written in chalk, ""There are no birds today."" 
The Traveler looked around and noticed that all the birds were staring at him. He did not feel fear: he just had the feeling that he had been invited to something whose meaning he ignored.
He passed by a field full of scarecrows, all wearing carnival masks and crooked ties. Each scarecrow had a robin on its shoulder. He stopped. He looked up at the sky. A gust of wind swept over him, bringing the smell of feed and a fistful of feathers. An invitation to go on.
“All right,” he murmured. “I'll continue.”
And he continued.",""
"2025/06/30 3:14:43 PM EEST","Pescador ","Raptus Aviario || Down the goose hole (Jun 25)","","Do you ever wonder what the old man on the bench thinks about all day, all afternoon or even all of 1 hour of his dedicated outside bench time. Is he waiting for the perfect moment to relieve his colon of flatulence. Carefully practising the art of patience as he manipulates time itself so no one but the street pigeons have the faintest idea of a change in the surrounding air pressure or aroma. Is he judging the people passing by captiously or is he simply observing, without prejudice. Is he thinking about the next time he will see his grand daughter or his next meal or the next moment in which he will feel the kind of love he felt in the summer of 74’. Do his shoulders or back ache? He’s alone. Maybe that’s how he likes it. 
His friend he met in 85’ will drive past soon - maybe he’ll say something funny, maybe he won’t. Maybe his wife just died and in this moment he is reaching for solace. Maybe he doesn’t want his old pal to say something funny. 
He says something funny. 
Does he feel the rise in pain in his chest? Is it emotionally triggered? Is it high blood pressure? Is he angry? Does he feel a sense of animosity towards the world that passes him by? 
He coughs. 
A cluster of old men slowly approach. They all wear a smirk, gathering their next remarks. The old man realises his bench time is soon to be disturbed. 
Already disturbed. 
He feels a sense of aggression fill his body before he has time to grab hold of it. Blood floods to his legs as he drives his body to rise. Knees, then feet. His back tilts and his arms grow weary to support what’s left to remove his body from the unwavering bench. One of the approaching men makes a remark. Another man chuckles and another proceeds to cough, almost violently. The sudden change in volume shocks his body and allows him to stand completely unreliant on the bench that held him. He retreats. 
To the goose hole he goes. ",""
"2025/06/30 5:36:47 PM EEST","il raccoglitore di parole","Raptus Aviario || Down the goose hole (Jun 25)","Un piccolo uomo, cammina, sulla superficie di un pianeta detto terra. Ogni passo del piccolo uomo è colorato dalle infinite forme e dagli infiniti colori degli abitanti del pianeta terra. Il pianeta terra è rosso, arido e non ha abitanti se non secca terra rossa, piccoli frammenti di roccia e qualche lastra di grigia pietra, sparsa qua e là. Qualche albero riesce a farsi strada nella arida terra e qualche nuvola, ogni tanto, versa qualche isolata bagnata goccia. Il piccolo uomo, cammina, sul detto pianeta. Ogni passo è roccia. Ogni passo è sasso. Ogni passo è morbido. Ogni passo è bagnato. Il piccolo uomo cammina, sulla superficie del pianeta terra. Sopra di lui, in vece, infinite rocce orbitano, immote, attorno al rosso pianeta. Il movimento delle rocce è di turbolenza privo, nel lontano ed immoto spazio. Si muovono, alcune allineate e unificate in masse più o meno estese, altre solitarie. Il movimento loro è naturale, e verso una necessaria, priva di domande, destinazione.
Il piccolo uomo, nella sua testa, raccoglie un fiore. Il piccolo uomo entra in contatto con il fiore. Il piccolo uomo ora conosce il linguaggio del fiore. Il piccolo uomo è all’interno del fiore, può muovervisi dentro. Ai confini dell’universo del piccolo uomo, ora, non vi si trova nulla, se non il fiore, che ora tutto colora e tutto ricopre. Il piccolo uomo mangia fiore annusa fiore e tocca fiore. Il piccolo uomo è molto concentrato sul fiore, possiamo dire.
Fintanto che il piccolo uomo rimarrà concentrato sul fiore che ha colto, col pensiero, le rocce della sua coscienza rimarranno allineate attorno questo fiore. In un secondo momento, il piccolo uomo, cammina. Cammina e a poco a poco orienta il suo sguardo su qualcosa di nuovo, si lascia il fiore alle spalle. Ecco adesso che le rocce della sua coscienza non orbitano più attorno al fiore e si muovono verso naturale e priva di domande destinazione. Ecco, adesso, come il piccolo uomo si muove, ogni giorno, in ogni momento, da un piccolo oggetto, per posarsi su un altro, nuovo, piccolo oggetto.
","A little man, walks, upon the surface of a planet called Terra. Each step he takes is painted with the endless shapes and colours of the planet’s many beings. Planet Terra is red, dry, and empty and its only inhabitants are red dust, bits of stone, and scattered slabs of gray rock. Now and then, a tree breaks through the dry ground and, sometimes, a lone cloud lets fall a quiet, lonely drop. The little man, walks, across this planet. Each step is stone. Each step is rock. Each step is soft. Each step is wet. The little man, walks. In the far distance, above his head, countless rocks float, still and silent in space, orbiting the red planet. They move with no rush and no noise - some gathered in drifting groups, others alone. Their movement is immaculate and their journey is questionless.
Inside his mind, the little man picks a flower. He touches it. Now he knows the language of the flower. Now he is inside the flower, he can move within the flower. The flower now touches the edges of his own world: within it, all is flower. It paints everything, covers everything. The little man smells “in a flower way”. Eats “in a flower way”. Feels “in a flower way”. He is very focused on the flower, we could say.
As long as the little man keeps his thoughts on the flower, the floating stones of his mind will keep orbiting around it. But then, he begins to walk again. Step by step, he lifts his gaze toward something new. The flower fades behind him. Now the stones of his mind no longer orbit the flower. They move on, quietly, toward some new, quiet place. And so here is how the little man goes on, every day, every moment, from one small thing to another.
",""
"2025/07/05 1:45:22 PM EEST","Alcide Paolini","Previsto il prevedibile || Foreseen the Foreseeable (May 25)","Quando lui si girò di scatto urlando ""Carta!"" io mi ritrovai in piedi leggermente sovraeccittato mentre mostravo potente un pugno chiuso davanti al petto. 

Tornando verso casa mi resi conto che non avevo più una casa. 

L'avevo persa a Sasso carta forbice.

La mia teoria del prevedibile aveva fallito ancora una volta.","When he suddenly turned around shouting “Paper!” I found myself standing, slightly overexcited, while powerfully showing a closed fist in front of my chest.

On my way back home, I realized I no longer had a home.

I had lost it in Rock-Paper-Scissors.

My theory of the predictable had failed once again.",""
"2025/07/19 5:39:34 PM EEST","Lulū","Raptus Aviario || Down the goose hole (Jun 25)","Il teatro è la mia casa, ma non solo perché ci campo.
È perché lo conosco da dentro: nella sua struttura e nelle sue crepe, nei suoi silenzi prima che si accenda la scena.
So dove si deposita la polvere sotto il boccascena, conosco l’odore ferroso del legno logorato, la fatica delle mani che tirano corde dietro ogni calata.
Il teatro vive nel corpo, come un organo in più. È fatto di dettagli che nessuno nota e che io non riesco a dimenticare.

Le connessioni qui non sono contatti: sono materia drammaturgica.
Alcune persone sono fari puntati negli occhi — ti accecano, ma ti obbligano a vedere.
Altre, voci perse nella platea vuota, che continuano a risuonare anche quando credi di averle superate.
E poi ci sono fili invisibili, tesi tra esistenze distanti, che sorreggono tutto ciò che tremerebbe senza.

Provo, attacco, stacco.
Aggiusto volumi interiori, spalanco quinte, lascio porte socchiuse.
Non per fuga, ma per fare spazio.
Per abitare il vuoto, non per riempirlo.
Per creare una scena dove finalmente ci sia posto anche per me.
Dove non recito, ma guardo. Dove non rappresento, ma esisto.

Sono qui, seduto al B27.
Il dimmer mi guarda, vibra. Non è solo un oggetto tecnico: è presenza.
Una piccola luce calda che non chiede niente, ma resta.
Ronza come un pensiero silenzioso, come una soglia che non si oltrepassa ma si ascolta.
Piango. Sì. Con poca grazia, con tutta la verità possibile.
Eppure qualcosa resta acceso.

Nella narrazione di me stesso, assumo diverse forme.
Non c’è una coerenza lineare: mi manifesto in fratture, in deviazioni.
Sono qui e adesso, e sono strumento della gravità.
Il mio corpo è il modo in cui sento di esserci.
Oscillo tra l’illusione di non essere mai stato
e la paura di non essere ciò che sono.

La verità è che sono qui e adesso.
Il mio essere è un’approssimazione di me stesso, vincolata a ciò che mi attraversa.
Sono torbo e trasparente, incerto, oscillante.
Potrei trovare un equilibrio qui e smarrirlo un attimo dopo, adesso.
O perderlo adesso, e ritrovarlo proprio qui.
Sono immerso nella sfera comunicativa ma mi estraggo da essa, resto solo intenzione rifratta —
come luce in un prisma, come gesto prima del movimento.

Prendo senso solo dentro un contesto. Solo nell’incontro. Solo nell’adesso.

Non sono io, o almeno non solo.
Sono gli altri, il prima del prisma, il riflesso che torna indietro.
Sono osservatore silenzioso e migrante rumoroso.
Mi muovo nel paradosso di essere ambiente e forma, contenuto e cornice.

Il teatro che ho addosso è fatto di ritorni, assenze, luci che attendono.
Alcuni incontri sono atti unici: accadono, e poi restano per sempre in un fondale che nessuno guarda.
Altri sono oggetti di scena che non servono più, ma non riesci a gettare.
Ci sono luci mai accese, che aspettano solo che qualcuno scelga il momento giusto.

Casa non è un luogo.
Non è nemmeno un tempo.
Casa è chi sa abitarti quando non reciti.
Chi resta accanto anche quando inciampi.
Chi sa leggere i tuoi silenzi fuori copione.
Chi ti guarda anche quando sbagli la battuta.
Casa è chi non ha bisogno di applausi per crederti vero.

E forse — anche adesso, mentre piango al B27,
con il dimmer che vibra accanto come un testimone muto e gentile —
questa è la forma più profonda di casa che io abbia mai conosciuto.

Me ne vado da qui.
Voglio andare a stare ad adesso.
Dove c’è sempre il Sole.
Anche se non lo vedi.
Anche se sei nel buio di sala prima della prima.","Theatre is my home—not just because I make a living from it.
It’s because I know it from the inside: in its structure and its cracks, in its silences before the scene lights up.
I know where the dust settles under the proscenium, I know the metallic smell of worn wood, the strain in the hands pulling ropes behind every drop.
Theatre lives in the body, like an extra organ.
It’s made of details no one notices, and that I can’t forget.

Connections here aren’t just contacts: they are dramaturgical matter.
Some people are spotlights in your eyes — they blind you, but force you to see.
Others, voices lost in an empty auditorium, still echo even when you think you’ve moved on.
And then there are invisible threads, stretched between distant lives, holding up all that would otherwise tremble.

I rehearse, I connect, I disconnect.
I adjust inner volumes, throw open wings, leave doors ajar.
Not to escape, but to make space.
To inhabit the void, not to fill it.
To create a scene where there is finally room for me too.
Where I don’t perform, but observe. Where I don’t represent, but exist.

I’m here, seated at B27.
The dimmer stares at me, it hums.
It’s not just technical equipment: it’s presence.
A small warm light that asks for nothing, but stays.
It buzzes like a silent thought, like a threshold you don’t cross, but listen to.
I cry. Yes. Ungracefully, with all the truth I can.
And yet something stays lit.

In the narrative of myself, I take on many forms.
There’s no linear coherence: I reveal myself in fractures, in detours.
I am here and now, and I am an instrument of gravity.
My body is how I feel I exist.
I oscillate between the illusion of never having been
and the fear of not being what I am.

The truth is that I am here and now.
My being is an approximation of myself, bound to what passes through me.
I am murky and transparent, uncertain, oscillating.
I might find balance here and lose it the next moment, now.
Or lose it now, and find it right here.
I am immersed in the sphere of communication, but I extract myself from it —
remaining only refracted intention —
like light in a prism, like a gesture before the movement.

I only make sense inside a context. Only in encounter. Only in the now.

I am not myself, or at least not only.
I am others, the before of the prism, the reflection that returns.
I am silent observer and noisy wanderer.
I move within the paradox of being both environment and shape, content and frame.

The theatre I wear is made of returns, absences, lights waiting.
Some encounters are one-act plays: they happen, and then remain forever in a backdrop no one looks at.
Others are props no longer needed, yet impossible to throw away.
There are lights never turned on, just waiting for someone to choose the right moment.

Home is not a place.
It’s not even a time.
Home is who knows how to inhabit you when you’re not performing.
Who stays beside you even when you stumble.
Who can read your off-script silences.
Who sees you even when you miss the line.
Home is who doesn’t need applause to believe you’re real.

And maybe — even now, while I cry at B27,
with the dimmer humming beside me like a mute and gentle witness —
this is the deepest form of home I have ever known.

I’m leaving here.
I want to go stay in the now.
Where the Sun is always there.
Even if you don’t see it.
Even if you’re in the dark of the house, just before the first cue.",""